{
  "Component.js": 1710869414029,
  "manifest.json": 1710869611549,
  "model/formatter.js": 1710868492729,
  "model/chatModel.js": 1710868466909,
  "controller/HelloPanel.controller.js": 1710868417814,
  "controller/App.controller.js": 1710867676241,
  "model/models.js": 1710867676237,
  "i18n/i18n.properties": 1710867797322,
  "model/chatModel-dbg.js": 1710868466909,
  "model/chatModel.js.map": 1710869611825,
  "model/formatter-dbg.js": 1710868492729,
  "model/formatter.js.map": 1710869611826,
  "controller/HelloPanel-dbg.controller.js": 1710868417814,
  "controller/HelloPanel.controller.js.map": 1710869611827,
  "controller/App-dbg.controller.js": 1710867676241,
  "controller/App.controller.js.map": 1710869611817,
  "model/models-dbg.js": 1710867676237,
  "model/models.js.map": 1710869611821,
  "Component-dbg.js": 1710869414029,
  "Component.js.map": 1710869611825,
  "Component-preload.js": 1710869612099,
  "Component-preload.js.map": 1710869612099,
  "view/HelloPanel.view.xml": 1710869478759,
  "view/App.view.xml": 1710868592662,
  "model/architecture.png": 1710868547663,
  "css/style.css": 1710867812010,
  "index.html": 1710867676233
}